ciudad,poblacion
Miguel Hidalgo,372889
Mérida,777615
Coyoacán,620416
Acapulco de Juárez,673479
Tultitlán,206081
Zapopan,1142483
Monterrey,1135512
Lerma,22713
Veracruz,428323
Cancún,628306
Tlaquepaque,575942
Querétaro,626495
Gustavo A. Madero,1185772
Guadalajara,1495182
Puebla,1434062
Zihuatanejo de Azueta,67408
Bahía de Banderas,13098
Benito Juárez,151893
Chihuahua,809232
Tlalnepantla de Baz,653410
Tlalpan,574577
Jerez,43064
Cuautitlán Izcalli,484573
Temixco,97788
Naucalpan de Juárez,792211
Cuauhtémoc,531831
Cuautlancingo,25104
Alvaro Obregón,726664
Huimilpan,1542
Iztapalapa,1815786
Cuernavaca,338650
Culiacán,675773
San Miguel de Allende,69811
San Andrés Cholula,87897
Colima,137383
Centro,353577
Huixquilucan,124846
Cuajimalpa de Morelos,160491
Juárez,1321004
Apodaca,467157
Fortín,21370
Oaxaca de Juárez,255029
Azcapotzalco,414711
Ecatepec de Morelos,1655015
Atizapán de Zaragoza,489160
Dzemul,3228
Guadalupe,673616
Nicolás Romero,281799
Huehuetoca,11948
Venustiano Carranza,1185772
San Luis Potosí,722772
San Juan del Río,138878
Boca del Río,9947
Tijuana,1300983
Xalapa,424755
Telchac Puerto,1722
Texcoco,105165
Valle de Bravo,25554
Gral. Escobedo,352444
Amealco de Bonfil,7698
Cárdenas,91558
Yauhquemecan,4204
Tepic,332863
Atlatlahucan,7941
Alvarado,63743
Corregidora,71254
Progreso,264439
Morelia,597511
Ciudad Madero,1185772
Toluca,489333
Hermosillo,715061
Nezahualcóyotl,1104585
Jiutepec,162427
Tláhuac,305076
Zinacantepec,54220
Santiago,626495
Ixtapaluca,322271
Villa del Carbón,39587
Pachuca,256584
Aguascalientes,722250
León,1238962
Tonalá,408759
Tulum,18233
Valle de Chalco Solidaridad,356352
Emiliano Zapata,1339
El Marqués,79743
Durango,518709
Torreón,608836
Córdoba,140896
Villahermosa,353577
Tequisquiapan,29799
La Paz,215178
Jesús María,643
Xochimilco,407885
Medellín,11168
Altamira,59536
San Pedro Garza García,122009
Celaya,340387
Nahuatzen,10283
Saltillo,709671
San Nicolás de los Garza,443273
San Pablo Etla,3658
La Magdalena Contreras,238431
Manzanillo,130035
Tlaxcala,84670
Irapuato,380941
Huamantla,51996
Metepec,28205
Tepezalá,4511
Mazatlán,381583
San Cristóbal de las Casas,158027
Tecámac,242272
Apan,26642
Iztacalco,384326
Tuxtla Gutiérrez,537102
Soledad de Graciano Sánchez,255015
Tlajomulco de Zúñiga,86935
Conkal,7173
Jojutla,18867
Solidaridad,149923
Playa del Carmen,149923
Santa Catarina,268347
Cuautitlán,484573
García,122009
Chilpancingo de los Bravo,187251
Cuautla,154358
Puerto Vallarta,203342
Cajeme,298625
Mineral de la Reforma,68704
Los Cabos,68463
Coacalco de Berriozábal,277959
Villa de Alvarez,117600
Yautepec,42731
Tepotzotlán,38119
Comalcalco,41458
Mexicali,689775
Zumpango,50742
Santa María Colotepec,1369
Tenango del Valle,21765
Almoloya de Juárez,16509
Ciudad Ixtepec,25381
Nacajuca,11289
Calimaya,11165
Chalco,168720
San Pedro Cholula,87897
Tampico,309003
Acolman,102667
Xochitepec,19164
Santa María Huatulco,7409
Teoloyucan,51255
Gómez Palacio,257352
Campeche,220389
Apizaco,49506
Nuevo Laredo,373725
Uruapan,264439
Gral. Zuazua,9898
Hidalgo del Parral,104836
Xalisco,35702
Francisco I. Madero,26632
Totolac,6989
Ciudad del Maíz,10391
San Mateo Atenco,67890
Epazoyucan,3168
Pátzcuaro,55298
Ayala,6777
Nombre de Dios,5302
Teziutlán,58699
Tarímbaro,6049
Cozumel,77236
Lagunillas,3753
Tizayuca,43250
Tulancingo de Bravo,102406
Playas de Rosarito,65278
Zempoala,9249
Coatzacoalcos,235983
Zamora,141627
Tlayacapan,7989
Melchor Ocampo,79200
Atlixco,86690
Pesquería,5465
Chicoloapan,172919
Tepoztlán,14130
Tula de Allende,28577
Guanajuato,1238962
Tekax,25751
San Antonio la Isla,220
Ramos Arizpe,66554
Carmen,169466
Salina Cruz,76596
Ocoyoacac,26015
Zacatlán,33736
Tepeji del Río de Ocampo,34151
Tultepec,65338
Lázaro Cárdenas,79200
Motul,23240
Ahome,256613
Rioverde,53128
Agua Dulce,36079
Panotla,7356
Tapalpa,5782
Salvador Escalante,14359
Tampico Alto,2564
Allende,69811
Papalotla,22969
Ixtapan de la Sal,17640
Atitalaquia,6322
Atotonilco de Tula,8154
San Andrés Huayápam,4344
Molango de Escamilla,3929
Acambay,5807
Tlaltizapán,10563
Guaymas,113082
Lerdo,489333
Atotonilco el Grande,7261
Santa Cruz Tlaxcala,4848
Teolocholco,16240
Cadereyta Jiménez,68111
Arteaga,626495
Tepetlaoxtoc,6123
San Felipe Teotlalcingo,6166
Coronango,14859
Kanasín,77240
Berriozábal,277959
Ixtlahuacán de los Membrillos,6137
Nextlalpan,14871
Juan C. Bonilla,5728
Magdalena Apasco,2824
Huejotzingo,25684
Apaseo el Grande,26121
Jacona,56934
Hueyotlipan,5176
Contla de Juan Cuamatzi,27610
Tenancingo,11636
Zacatecas,129011
Chapultepec,1015
Chimalhuacán,612383
Mazamitla,7865
Parras,33817
Abasolo,27389
Yauhquemehcan,4204
Victoria,305155
San Martín Texmelucan,75518
Chapala,316
Tenamaxtlán,4711
Jilotepec,11828
Pueblo Viejo,14116
Chicxulub Pueblo,4080
Guerrero,187251
Papalotla de Xicohténcatl,22969
Villa Corona,7603
Silao,74242
Santa Cruz Xoxocotlán,67086
Tepetlixpa,13239
Mascota,8801
Cuquío,4682
Calpulalpan,33263
Acajete,1649
San Francisco de los Romo,16124
Rosales,675773
Comondú,40935
Felipe Carrillo Puerto,25744
Zacapu,50112
Comonfort,23683
Camerino Z. Mendoza,35641
Tequila,29203
San Jacinto Amilpas,13860
Coatepec,53621
Delicias,118071
Izúcar de Matamoros,42936
Reynosa,589466
Ciénega de Flores,15162
Champotón,30881
Ixmiquilpan,34814
Temoaya,3301
Zapotlanejo,32376
Cuautepec de Hinojosa,18835
Amozoc,77106
Milpa Alta,18274
Fresnillo,120944
Malinalco,8045
Salamanca,160169
Jocotepec,18852
Valladolid,48973
Navolato,29153
San José Iturbide,23471
Huitzilac,4568
Tuxcueca,3512
Coyotepec,2283
Guasave,71196
Huichapan,9051
Temascalapa,6314
Orizaba,120844
Ensenada,279765
Comitán de Domínguez,97537
Zapotlán el Grande,97750
El Salto,21644
Tixmehuac,2392
Nogales,212533
Montemorelos,45108
Linares,63104
Cunduacán,19824
Piedras Negras,150178
Tizapán el Alto,14877
San Luis Río Colorado,158089
Coyuca de Benítez,13566
Matamoros,449815
Tzompantepec,1869
Tetla de la Solidaridad,15161
Ocoyucan,4747
Jaltenco,11093
Puente Nacional,347
Chahuites,10763
Banderilla,19649
Ocozocoautla de Espinosa,39180
Armería,15923
San Miguel el Alto,23982
Tuxpan,84750
Escárcega,29477
Yecapixtla,16811
Mineral del Chico,481
Tehuacán,248716
San Pedro Pochutla,13685
Ahualulco,15512
Santa María Atzompa,21788
Jantetelco,4645
Palenque,42947
Poza Rica de Hidalgo,185242
Monclova,215271
Jalpa de Méndez,15695
Xaloztoc,10191
Rayón,1382
Huaquechula,3005
Chiautempan,84670
Salinas Victoria,8979
Atlacomulco,22774
Paraíso,25186
Pénjamo,40070
San Luis de la Paz,49914
ApetatitlAn de Antonio Carvajal,2338
Zacatelco,38466
El Oro,5878
Atenco,67890
San Bartolo Coyotepec,2283
San Agustín de las Juntas,6923
Atoyatempan,6154
Zumpahuacán,4450
La Magdalena Tlaltelulco,16834
Coyame del Sotol,709
Soyaniquilpan de Juárez,4287
Amecameca,31687
Teotihuacán,22541
Capulhuac,20757
Huasca de Ocampo,538
Acuamanala de Miguel Hidalgo,1825
Tamuín,16318
Nopala de Villagrán,1065
Santiago Tuxtla,15459
Atizapán,489160
El Arenal,1551
Cerralvo,7169
Othón P. Blanco,151243
Muna,11469
Centla,22795
Tala,35396
Epitacio Huerta,1222
San Pedro de la Cueva,1056
Etzatlán,13513
Ozumba,16700
Jilotzingo,8523
Hunucmá,24910
Mexicaltzingo,9693
Cocula,14548
San José de Gracia,5190
Tapachula,202672
El Llano,14559
Ameca,36156
San Cristóbal de la Barranca,859
Tepatitlán de Morelos,91959
Concepción de Buenos Aires,4744
Ocotlán,83769
San Lorenzo Cacaotepec,7351
Tlalmanalco,14786
Tangancícuaro,15068
Morelos,1655015
Poncitlán,13581
Huauchinango,56206
Tolcayuca,6836
González,120944
Chapantongo,1839
Temozón,6553
Jungapeo,5073
Maravatío,34381
Tecate,64764
Tonatico,7565
San Agustín Yatareni,3709
Tzucacab,9967
Cosoleacaque,22454
Oluta,12709
Pabellón de Arteaga,28633
Tlalnepantla,653410
Pichucalco,14212
Miahuatlán de Porfirio Díaz,23940
Axochiapan,17508
Xonacatlán,20680
San Sebastián del Oeste,672
Teopisca,16240
Acatic,11890
Navojoa,113836
Tianguistenco,13106
Chiautla,11511
Catazajá,17140
Amaxac de Guerrero,9114
San Jerónimo Tlacochahuaya,2302
Caborca,59922
Telchac Pueblo,3517
Santa Lucía del Camino,47356
José María Morelos,64431
Petatlán,21659
Tetiz,3939
Coatzintla,34036
La Barca,35219
Bacalar,11513
Jiquipilco,1938
Comala,9442
otra,30000
Calotmul,2764
Erongarícuaro,2573
Heroica Ciudad de Huajuapan de León,53043
Huatabampo,30475
Técpan de Galeana,15119
Cotaxtla,1167
Ciudad Valles,124644
Huixtla,32033
Arroyo Seco,1425
Tlatlauquitepec,484
Rincón de Romos,27988
China,8997
Chiapa de Corzo,45077
Villa de Etla,7285
Iturbide,23471
Vicente Guerrero,60001
Ixtacuixtla de Mariano Matamoros,6527
Tolimán,1393
Manlio Fabio Altamirano,5283
Lagos de Moreno,98206
Ures,3894
Las Choapas,42693
Coatepec Harinas,7243
Aculco,1823
Tecali de Herrera,5156
San Pedro Mixtepec -Dto. 22 -,25902
Cantamayec,1695
Tocumbo,1799
Tetlatlahuca,4218
Amacuzac,5368
Galeana,653410
Camargo,40221
Pánuco,40754
Cuzamá,3721
Ezequiel Montes,14053
Zitácuaro,84307
Santo Domingo Tehuantepec,42082
Atlautla,10967
Cortazar,61658
ácatlán de Juárez,10461
Indaparapeo,6791
Tantoyuca,30587
Arandas,52175
Martínez de la Torre,60074
San Ignacio,61769
Cuilápam de Guerrero,12360
Jonuta,6899
Ixtlán,23303
Salinas,156191
Cosamaloapan de Carpio,30577
Ucú,2601
Tlahuapan,4379
Dr. Arroyo,9339
San Juan Bautista Tuxtepec,101810
Uriangato,51382
Tecamachalco,28679
Salvador Alvarado,63743
Oriental,9957
San Blas,1404
Aquila,1740
Yobaín,1820
Mexquitic de Carmona,1428
Sucilá,3785
San Agustín Tlaxiaca,10496
Ixtlahuacán del Río,6198
Villa de Zaachila,13959
Santa Cruz Amilpas,10120
Santa María del Río,13099
San Matías Tlalancaleca,11076
Tlanalapa,7518
AnAhuac,14116
Temascaltepec,2533
Frontera,22795
San Francisco Lachigoló,3338
San Felipe del Progreso,4350
Tequixquiac,22676
Jaumave,5633
TacAmbaro,25665
TlaltizapAn de Zapata,10563
La Antigua,988
Zacoalco de Torres,18172
Santa María del Tule,7636
Ixil,3728
Coquimatlán,13358
Puerto Peñasco,56756
San Antonio de la Cal,20198
San Joaquín,8865
Hopelchén,7295
Temamatla,5633
Sahuayo,64431
Santa Isabel Cholula,1899
Zapotlán de Juárez,4961
Ixtlahuaca,2751
Agua Prieta,77254
Tezoyuca,1100
Xicohtzinco,12255
El Grullo,20924
Sultepec,3595
San Miguel de Horcasitas,476
Tecomán,85689
Xico,356352
Cerro de San Pedro,120
Calera,32721
Zapotiltic,22833
Apaseo el Alto,27991
Chapa de Mota,4638
Minatitlán,112046
San Juan Bautista Guelache,855
Dolores Hidalgo Cuna de la Independencia Nacional,59240
Xicotepec,39803
Singuilucan,4076
Villa de Reyes,10383
Ascensión,2823
Tepeapulco,28556
Progreso de Obregón,17486
Namiquipa,1752
Isla Mujeres,12642
Coscomatepec,15252
Cadereyta de Montes,13347
Chapulco,6196
Santiago Tulantepec de Lugo Guerrero,16078
Otzolotepec,1126
Coroneo,4024
PolotitlAn,2881
Santiago Ixcuintla,18241
Totolapan,4319
Jala,487
Villa Victoria,1010
Chiquilistlán,3683
Tamazula de Gordiano,18787
Alto Lucero de Gutiérrez Barrios,3144
Aldama,1238962
Acaponeta,19140
Compostela,14077
Nochistlán de Mejía,16562
Miacatlán,7212
Rayones,361
Cansahcab,4293
Amatlán de los Reyes,9123
Mixquiahuala de Juárez,25510
Temascalcingo,12698
San Agustín Etla,3708
Mulegé,3851
Abejones,1009
Meoqui,22574
Cerro Azul,22268
Hidalgo,1185772
Balleza,2087
Chilchota,7673
Atlangatepec,480
Mainero,162
